{"cameraMode":{"drawMode":0,"name":"Shaded","section":"Shading Mode"},"sceneLighting":true,"audioPlay":false,"sceneViewState":{"m_AlwaysRefresh":false,"showFog":true,"showSkybox":true,"showFlares":true,"showImageEffects":true,"showParticleSystems":true,"showVisualEffectGraphs":true,"m_FxEnabled":true},"in2DMode":false,"pivot":{"x":-0.9784405827522278,"y":-1.1340551376342774,"z":-5.272542953491211},"rotation":{"x":-0.006093036383390427,"y":0.9918191432952881,"z":-0.11658493429422379,"w":-0.05181919410824776},"size":4.786895751953125,"orthographic":false}